Pharmacy_Name,Address
UNITED STATES COAST GUARD AIR STATION KODIAK - ROCKMORE KING CLINIC,CAPE SARICHEF STREET BUILDING N46 KODIAK AK
ANCHORAGE VETERANS AFFAIRS HEALTHCARE SYSTEM AND REGIONAL OFFICE,2925 DEBARR ROAD ANCHORAGE AK
RITE AID - 5614,740 OTAY LAKES ROAD CHULA VISTA CA
SUPERDRUG DEDEDO PAYLESS,214 WEST MARINE CORPS DRIVE DEDEDO GU
BRABU PHARMACY AND WELLNESS CENTER,101 AKARI BUILDING GUALO RAI SAIPAN MP
PACIFIC HEALTH INCORPORATED PHARMACY I,1 NAVY HILL ROAD COMMONWEALTH HEALTH CENTER SAIPAN MP
PACIFIC HEALTH INCORPORATED PHARMACY III,MARINA HEIGHTS BUSINESS COMPLEX PUERTO RICO SAIPAN MP
ITC PHARMACY I,590 SOUTH MARINE CORPS DRIVE SUITE 126 TAMUNING GU
PEREZVILLE PHARMACY,851 GOVERNOR CARLOS CAMACHO ROAD TAMUNING GU
OKA SUPERDRUG,291 FARENHOLT AVENUE TAMUNING GU
FHP HEALTH CENTER,OLEAI CENTER BEACH ROAD SAN JOSE SAIPAN MP
PACIFIC HEALTH INCORPORATED PHARMACY II,JOETEN BUILDING DANDAN SAIPAN MP
ANNETTE ISLANDS SERVICE UNIT PHARMACY,563 BRENDIBLE STREET METLAKATLA AK
WAL-MART SUPERCENTER - 2188,18600 EAGLE RIVER ROAD EAGLE RIVER AK
FRED MEYER,1000 EAST NORTHERN LIGHTS BOULEVARD ANCHORAGE AK
FRED MEYER,2300 ABBOTT ROAD ANCHORAGE AK
LAKE OTIS PHARMACY,4201 LAKE OTIS PARKWAY ANCHORAGE AK
BERNIES PHARMACY,4100 LAKE OTIS PARKWAY ANCHORAGE AK
SAFEWAY,301 NORTH SANTA CLAUS LANE NORTH POLE AK
YUKON-KUSKOKWIM DELTA REGIONAL HOSPITAL PHARMACY,700 CHIEF EDDIE HOFFMAN HIGHWAY BETHEL AK
ISLAND PHARMACY,3526 TONGASS AVENUE KETCHIKAN AK
SAFEWAY,90 STERLING HIGHWAY HOMER AK
SAFEWAY,44428 STERLING HIGHWAY SOLDOTNA AK
THREE BEARS - 50,10575 KENAI SPUR HIGHWAY KENAI AK
CARRS/SAFEWAY,1650 WEST NORTHERN LIGHTS BOULEVARD ANCHORAGE AK
CARRS/SAFEWAY,7731 EAST NORTHERN LIGHTS BOULEVARD ANCHORAGE AK
MEDICAL CENTER PHARMACY,1867 AIRPORT WAY FAIRBANKS AK
WALGREENS - 6255,621 I STREET CHULA VISTA CA
WALGREENS - 2623,1111 3RD AVENUE CHULA VISTA CA
TARGET,1240 BROADWAY CHULA VISTA CA
RITE AID - 5615,507 TELEGRAPH CANYON ROAD CHULA VISTA CA
WALGREENS - 7867,1430 EASTLAKE PARKWAY CHULA VISTA CA
CVS - 9115,645 SATURN BOULEVARD SAN DIEGO CA
CVS - 9140,555 BROADWAY SUITE 1054 CHULA VISTA CA
WAL-MART - 5023,1200 HIGHLAND AVENUE NATIONAL CITY CA
VONS,620 DENNERY ROAD SAN DIEGO CA
WAL-MART SUPERCENTER - 3516,1360 EASTLAKE PARKWAY CHULA VISTA CA
CARRS/SAFEWAY,4000 WEST DIMOND BOULEVARD ANCHORAGE AK
SAM'S CLUB - 6601,8801 OLD SEWARD HIGHWAY ANCHORAGE AK
PROVIDENCE HEALTH PARK PHARMACY,3841 PIPER STREET SUITE U230 ANCHORAGE AK
SHARP REES-STEALY OTAY RANCH,1400 EAST PALOMAR STREET CHULA VISTA CA
SHARP CHULA VISTA MEDICAL CENTER,751 MEDICAL CENTER COURT CHULA VISTA CA
SAFEWAY,3033 VINTAGE BOULEVARD JUNEAU AK
FOODLAND SUPER DRUG,631 WEST WILLOUGHBY AVENUE JUNEAU AK
IMPERIAL BEACH PHARMACY,720 STATE HIGHWAY 75 IMPERIAL BEACH CA
VILLAGE PHARMACY OF VALDEZ,PIONEER DRIVE AND MEALS AVENUE VALDEZ AK
CORDOVA COMMUNITY MEDICAL CENTER,602 CHASE AVENUE CORDOVA AK
RITE AID - 5613,4348 BONITA ROAD BONITA CA
PARADISE HILLS PHARMACY,5865 CUMBERLAND STREET SAN DIEGO CA
WAL-MART SUPERCENTER - 2722,537 JOHANSEN EXPRESSWAY FAIRBANKS AK
VETERANS HOME OF CALIFORNIA CHULA VISTA,700 EAST NAPLES COURT CHULA VISTA CA
SOUTH PENINSULA HOSPITAL PHARMACY,4300 BARTLETT STREET HOMER AK
CARRS/SAFEWAY,1340 GAMBELL STREET ANCHORAGE AK
DOWNTOWN DRUGSTORE,300 FRONT STREET KETCHIKAN AK
PROFESSIONAL PHARMACY,1001 NOBLE STREET FAIRBANKS AK
PRESCRIPTION CENTER,1919 LATHROP STREET SUITE 109 FAIRBANKS AK
PROVIDENCE KODIAK ISLAND MEDICAL CENTER,1915 EAST REZANOF DRIVE KODIAK AK
ANCHORAGE NEIGHBORHOOD HEALTH CENTER PHARMACY,1217 EAST 10TH AVENUE ANCHORAGE AK
ANCHORAGE MEDSET PHARMACY,4101 ARCTIC BOULEVARD SUITE B ANCHORAGE AK
WAL-MART - 2070,3101 A STREET ANCHORAGE AK
FRED MEYER,13401 OLD GLENN HIGHWAY EAGLE RIVER AK
FAMILY PHARMACY,11432 BUSINESS BOULEVARD SUITE 10 EAGLE RIVER AK
ANCHORAGE PIONEER HOME PHARMACY,923 WEST 11TH AVENUE ANCHORAGE AK
GENEVA WOODS MAT-SU PHARMACY,3674 EAST COUNTRY FIELD CIRCLE WASILLA AK
WALGREENS - 12681,1721 EAST GEORGE PARKS HIGHWAY WASILLA AK
FRED MEYER,650 SOUTH COBB STREET PALMER AK
SAM'S CLUB - 6603,48 COLLEGE ROAD FAIRBANKS AKPROVIDENCE MEDICAL ARTS PHARMACY 3200 PROVIDENCE DRIVE TOWER A ANCHORAGE AK
IVY HOME INFUSIONS LIMITED LIABILITY COMPANY,2841 DEBARR ROAD SUITE 20 ANCHORAGE AK
KAISER PERMANENTE BONITA MEDICAL OFFICES,3955 BONITA ROAD BONITA CA
CVS - 9632,880 3RD AVENUE CHULA VISTA CA
WAL-MART - 2291,75 NORTH BROADWAY CHULA VISTA CA
WAL-MART - 5305,1150 BROADWAY CHULA VISTA CA
CVS - 9783,1730 SWEETWATER ROAD NATIONAL CITY CA
FRED MEYER,43843 STERLING HIGHWAY SOLDOTNA AK
SOUTHCENTRAL FOUNDATION,4320 DIPLOMACY DRIVE ANCHORAGE NATIVE PRIMARY CARE CENTER ANCHORAGE AK
ALASKA NATIVE MEDICAL CENTER PHARMACY,4315 DIPLOMACY DRIVE ANCHORAGE AK
CARRS/SAFEWAY,600 EAST NORTHERN LIGHTS BOULEVARD ANCHORAGE AK
HEWITTS DRUG STORE,751 EAST 36TH AVENUE SUITE 114 ANCHORAGE AK
ALBERTSONS-SAVON - 6759,2310 PROCTOR VALLEY ROAD CHULA VISTA CA
CVS - 9113,645 EAST PALOMAR STREET CHULA VISTA CA
FRED MEYER,8181 GLACIER HIGHWAY JUNEAU AK
WAL-MART - 3814,6525 GLACIER HIGHWAY JUNEAU AK
CARRS/SAFEWAY,595 EAST PARKS HIGHWAY SUITE 300 WASILLA AK
KAISER PERMANENTE OTAY MESA OUTPATIENT MEDICAL CENTER,4650 PALM AVENUE SAN DIEGO CA
SOUTHEAST ALASKA REGIONAL HEALTH CONSORTIUM - JUNEAU MEDICAL CENTER PHARMACY, 1200 SALMON CREEK LANE JUNEAU AK
THE MEDICINE SHOPPE PHARMACY,2939 ALTA VIEW DRIVE SUITE L SAN DIEGO CA
CROSS ROAD MEDICAL CENTER,GLENN HIGHWAY MILE MARKER 187 GLENNALLEN AK
COMMUNITY MEDICAL PHARMACY,450 4TH AVENUE SUITE 100 CHULA VISTA CA
JUNEAU DRUG COMPANY,202 FRONT STREET JUNEAU AK
NORTON SOUND HEALTH CORPORATION,306 WEST 5TH AVENUE NORTON SOUND REGIONAL HOSPITAL NOME AK
MOUNT EDGECUMBE HOSPITAL PHARMACY,222 TONGASS DRIVE SITKA AK
SAN YSIDRO HEALTH CENTER,4004 BEYER BOULEVARD SAN YSIDRO CA
TRICARE OUTPATIENT CLINIC CHULA VISTA,644 NAPLES STREET CHULA VISTA CA
FRED MEYER,2000 WEST DIMOND BOULEVARD ANCHORAGE AK
SOUTH BAY DRUGS,779 PALM AVENUE IMPERIAL BEACH CA
NORTH STAR HEALTH CLINIC PHARMACY,201 3RD AVENUE SUITE 201 SEWARD AK
SAFEWAY,2685 MILL BAY ROAD KODIAK AK
PETERSBURG REXALL DRUG,215 NORTH NORDIC DRIVE PETERSBURG AK
GREAT LAND INFUSION PHARMACY,2421 EAST TUDOR ROAD SUITE 107 ANCHORAGE AK
GENEVA WOODS PHARMACY,3801 LAKE OTIS PARKWAY OPA BUILDING SUITE 160 ANCHORAGE AK